Start,End,Batch Size
1630695586850,1630695641102,1
1630695651128,1630695705296,2
1630695715320,1630695769483,3
1630695779508,1630695833679,4
1630695843707,1630695897887,5
1630695907910,1630695962060,6
1630695972084,1630696026262,7
1630696036284,1630696090416,8
1630696100443,1630696154700,9
1630696164721,1630696218898,10
1630696228919,1630696283207,11
1630696293229,1630696347414,12
1630696357440,1630696411828,13
1630696421854,1630696476251,14
1630696486277,1630696540631,15
1630696550656,1630696604859,16
1630696614881,1630696669317,17
1630696679340,1630696733616,18
1630696743643,1630696797948,19
1630696807969,1630696862334,20
1630696872357,1630696926940,21
1630696936964,1630696991524,22
1630697001548,1630697055891,23
1630697065911,1630697120203,24
1630697130224,1630697184872,25
1630697194896,1630697249174,26
1630697259194,1630697313491,27
1630697323516,1630697377923,28
1630697387945,1630697442359,29
1630697452381,1630697506927,30
1630697516948,1630697571474,31
1630697581500,1630697636207,32
